{
  "train_accuracy": 0.9957143068313599,
  "train_loss": 0.019038058817386627,
  "val_accuracy": 0.9894444346427917,
  "val_loss": 0.025816626846790314
}