{
  "accuracy": 0.7564102564102564,
  "f1_macro": 0.6032326342765904,
  "f1_weighted": 0.7311047452073093,
  "precision_macro": 0.6189647653933368,
  "precision_weighted": 0.7629900963234296,
  "recall_macro": 0.6418498168498168,
  "recall_weighted": 0.7564102564102564,
  "top_3_accuracy": 0.8290598290598291,
  "top_5_accuracy": 0.8547008547008547
}