{
  "train_accuracy": 0.9830952286720276,
  "train_loss": 0.04798353090882301,
  "val_accuracy": 0.9811111092567444,
  "val_loss": 0.050855349749326706
}