{
  "train_accuracy": 0.983214259147644,
  "train_loss": 0.049619026482105255,
  "val_accuracy": 0.9816666841506958,
  "val_loss": 0.05324219539761543
}